"cog_state","prob_ave_workload","prob_bds_workload","prob_distraction","prob_fbds_workload","prob_high_eng","prob_low_eng","prob_sleep_onset","fz_o1_gamma","fz_pz_alpha","fz_t3_beta","n_fixations","n_saccades","pupil_size","scan_path_length","option","complexity_type","subject","option_type","mot","vs","response","predicted_values","residuals"
0.7,0.782256666666667,0.719130666666667,1.66666666666667e-06,0.845383,0.287326,0.712672333333333,0,0.544321979512557,0.275070818234791,0.497757381100789,7,61,3.65870504071636,147.301489275684,"caution_option","S002",2002,"pre_option",0.716666666666667,0.766666666666667,0,0.0592557828790687,-0.0592557828790687
0.533333333333333,0.705209333333333,0.668418666666667,0,0.741999333333333,0.340725,0.325951333333333,0.333323333333333,0.507960203166895,0.499411202735528,0.444868042505274,11,62,3.55348193100075,153.581534228778,"caution_option","S002",2002,"pre_option",0.716666666666667,0.766666666666667,0,0.0813057792959051,-0.0813057792959051
0.9,0.681400333333333,0.639476333333333,0,0.723324333333333,0.725058333333333,0.274941666666667,0,0.475682083335537,0.242337651079262,0.499366029636923,11,57,3.60827993091784,135.709799318582,"caution_option","S002",2002,"pre_option",0.716666666666667,0.766666666666667,0,0.100879422229567,-0.100879422229567
0.9,0.722328333333333,0.670735333333333,0,0.773921,0.863904,0.136096,0,0.555285056495419,0.434857597423418,0.516363862470789,7,59,3.71793844533521,37.5861950890691,"caution_option","S002",2002,"pre_option",0.716666666666667,0.766666666666667,0,0.0526077081015435,-0.0526077081015435
0.8,0.69766,0.645759333333333,0.000119333333333333,0.749560333333333,0.612407333333333,0.386649666666667,0.000823666666666667,0.706196861586743,0.528646784964962,0.254064723139113,8,64,3.72045557445269,225.694670688725,"caution_option","S002",2002,"pre_option",0.716666666666667,0.766666666666667,0,-0.038906103817027,0.038906103817027
0.8,0.757503,0.743260333333333,0.0233986666666667,0.771745666666667,0.651225,0.325376,0,0.685268671528568,0.0961565234352336,0.687276343946495,10,60,3.73980062797522,232.701242273912,"caution_option","S002",2002,"pre_option",0.716666666666667,0.766666666666667,0,-0.0262151254828867,0.0262151254828867
0.7,0.760890666666667,0.698901666666667,8.33333333333333e-06,0.822880333333333,0.260469,0.739522333333333,0,0.668767105899278,0.274219983555559,0.598156058983475,4,59,3.67414938504579,182.529707156922,"caution_option","S002",2002,"pre_option",0.716666666666667,0.766666666666667,0,-0.0162084784054969,0.0162084784054969
0.9,0.765871333333333,0.712896666666667,2e-06,0.818845666666667,0.925771666666667,0.063455,0.0107713333333333,0.587119418213461,0.420956166854979,0.499755722645343,9,64,3.65925166384584,209.32803305804,"caution_option","S002",2002,"pre_option",0.716666666666667,0.766666666666667,0,0.0333031627145893,-0.0333031627145893
0.9,0.696938666666667,0.648770333333333,0,0.745106666666667,0.956013333333333,0.0439866666666667,0,0.563088467819545,0.234106212789234,0.53233360106928,5,58,3.84802933989978,230.541871866845,"caution_option","S002",2002,"pre_option",0.716666666666667,0.766666666666667,0,0.0478756732828809,-0.0478756732828809
0.9,0.809279333333333,0.754549,1.33333333333333e-06,0.864009666666667,0.963089333333333,0.0369093333333333,0,0.588804227282556,0.304636376873592,0.527648584102329,9,55,3.65242919921875,93.8166690168783,"caution_option","S002",2002,"pre_option",0.716666666666667,0.766666666666667,0,0.0322814845219885,-0.0322814845219885
0.9,0.661666,0.60326,0,0.720071666666667,0.999866666666667,9.46666666666667e-05,3.86666666666667e-05,0.29504237481701,0.25743041082604,0.606869249853274,4,55,3.76958888249946,120.190384163985,"caution_option","S002",2002,"pre_option",0.716666666666667,0.766666666666667,0,0.210420410758503,-0.210420410758503
0.7,0.61495,0.563912,0.000288333333333333,0.665988333333333,0.320480666666667,0.679229333333333,2e-06,0.522765634085178,0.24847768794262,0.429469772109165,13,60,3.28362073009037,139.654760938098,"caution_option","S002",2003,"pre_option",0.9,0.666666666666667,0,0.190542308578419,-0.190542308578419
0.7,0.441453333333333,0.369010666666667,3.66666666666667e-06,0.513896333333333,0.322964,0.676945,8.73333333333333e-05,0.666129343870895,0.165138547574849,0.429428820416343,7,58,3.39256294004379,231.960179782112,"caution_option","S002",2003,"pre_option",0.9,0.666666666666667,0,0.103605706333557,-0.103605706333557
0.9,0.488698333333333,0.408538333333333,0,0.568858,0.999961333333333,3.86666666666667e-05,0,0.255370756123945,0.156761347426716,0.32978727656824,12,61,4.15687563488338,159.701100970361,"caution_option","S002",2004,"pre_option",0.883333333333333,0.666666666666667,0,0.272534812708291,-0.272534812708291
0.9,0.562985,0.552637,0,0.573333333333333,0.959430333333333,0.0405696666666667,0,0.182532631380871,0.254765602869044,0.233940150811048,8,60,4.43761299354087,122.863645994818,"caution_option","S002",2004,"pre_option",0.883333333333333,0.666666666666667,0,0.316704282712346,-0.316704282712346
0.9,0.671651666666667,0.679463333333333,0,0.663839666666667,0.994910333333333,0.00508966666666667,0,0.188778492758926,0.0837428197762051,0.405207795200573,10,57,4.5272270030914,55.0444316905806,"caution_option","S002",2004,"pre_option",0.883333333333333,0.666666666666667,0,0.312916755400783,-0.312916755400783
0.9,0.555568333333333,0.522385666666667,2.96666666666667e-05,0.588750666666667,0.935094666666667,0.064876,0,0.139858694787175,0.245639095187045,0.127263290485587,8,59,4.07070202576487,55.1149379688527,"caution_option","S002",2004,"pre_option",0.883333333333333,0.666666666666667,0,0.342582010467953,-0.342582010467953
0.633333333333333,0.537737,0.531316666666667,0,0.544157333333333,0.655135333333333,0.0115313333333333,0.333333333333333,0.265705184477359,0.15545322833432,0.197551243520206,3,62,4.31061309518166,376.760894030774,"caution_option","S002",2004,"pre_option",0.883333333333333,0.666666666666667,0,0.266267954180902,-0.266267954180902
0.9,0.541069333333333,0.567255333333333,0,0.514883333333333,0.944865333333333,0.0551346666666667,0,0.315401671605868,0.322672645717805,0.331384090252186,7,64,4.63299759254578,61.9455884542384,"caution_option","S002",2004,"pre_option",0.883333333333333,0.666666666666667,0,0.23613171021152,-0.23613171021152
0.9,0.477046333333333,0.476735333333333,0,0.477357,0.963588,0.036412,0,0.100986658864883,0.12919707481835,0.229843200297322,10,51,4.4712838864794,211.414777074484,"caution_option","S002",2004,"pre_option",0.883333333333333,0.666666666666667,0,0.366154243151353,-0.366154243151353
0.8,0.593428666666667,0.567799666666667,0,0.619057,0.636625333333333,0.363374666666667,0,0.103586650466435,0.30530030434425,0.269712426421012,6,64,4.5996172742445,195.7316596686,"caution_option","S002",2004,"pre_option",0.883333333333333,0.666666666666667,0,0.364577592853715,-0.364577592853715
0.9,0.638505333333333,0.628966,0,0.648044666666667,0.966212333333333,0.033788,0,0.151997403447538,0.0845042027780544,0.290856278547129,9,59,4.60471260585969,154.23587647854,"caution_option","S002",2004,"pre_option",0.883333333333333,0.666666666666667,0,0.335221025682127,-0.335221025682127
0.9,0.655799333333333,0.643441666666667,0,0.668156666666667,0.999807333333333,0.000192666666666667,0,0.332178418793669,0.0607534189077083,0.311498977146667,11,58,4.50206008371433,59.1458991876161,"engage_option","S002",2004,"pre_option",0.883333333333333,0.666666666666667,1,0.225958191408132,0.774041808591868
0.9,0.608443333333333,0.583348333333333,0,0.633538333333333,0.999695,0.000305,0,0.341248117889984,0.169786188473396,0.219882366831602,16,61,4.59998628180893,209.243601346444,"engage_option","S002",2004,"pre_option",0.883333333333333,0.666666666666667,1,0.220458272188718,0.779541727811282
0.9,0.644289666666667,0.697055,0,0.591524,0.998234,0.001766,0,0.273930215653237,0.341541211705537,0.375254124252836,11,61,4.93491542607642,151.329357207313,"caution_option","S002",2004,"pre_option",0.883333333333333,0.666666666666667,0,0.26128024658839,-0.26128024658839
0.9,0.608857333333333,0.609164333333333,0,0.60855,0.996976333333333,0.00302366666666667,0,0.253853017650502,0.263331885627998,0.243980933996542,12,61,4.45177138350018,100.531370637465,"engage_option","S002",2004,"pre_option",0.883333333333333,0.666666666666667,1,0.273455178302727,0.726544821697273
0.9,0.472239666666667,0.508583666666667,0,0.435895333333333,0.920311333333333,0.0796886666666667,0,0.254909833822726,0.076791432624388,0.305143624798142,6,62,4.62084014009433,45.4946040853339,"caution_option","S002",2004,"pre_option",0.883333333333333,0.666666666666667,0,0.272814318720145,-0.272814318720145
0.9,0.772647666666667,0.770485666666667,0,0.774810333333333,1,0,0,0.218447342951784,0.124959808585696,0.150508440904238,6,64,4.73525807175222,65.5823385761128,"engage_option","S002",2004,"pre_option",0.883333333333333,0.666666666666667,1,0.294925389021284,0.705074610978716
0.9,0.674063333333333,0.643809,0,0.704317333333333,0.999974,2.56666666666667e-05,3.33333333333333e-07,0.57867431430814,0.314555166500879,0.53413504223715,9,60,3.72265388139712,262.1135880079,"caution_option","S002",2005,"pre_option",0.8,0.8,0,0.0456897543211,-0.0456897543211
0.7,0.626322333333333,0.571761,0,0.680883666666667,0.414413666666667,0.585586333333333,0,0.57748127228,0.356645547226051,0.421760428058566,5,61,3.59892756396001,113.813228610783,"caution_option","S002",2005,"pre_option",0.8,0.8,0,0.0464132220690876,-0.0464132220690876
0.9,0.695766666666667,0.644212333333333,0,0.747320666666667,0.999679,0.000321,0,0.688224465215568,0.243425268819676,0.284518476500942,3,55,3.57757449623765,105.29814284734,"caution_option","S002",2005,"pre_option",0.8,0.8,0,-0.0207421056631237,0.0207421056631237
0.9,0.504364,0.465927666666667,0,0.542800333333333,0.996597666666667,0.00340233333333333,0,0.646525710383225,0.265558169338458,0.106659668333888,2,60,3.55459313253755,349.131064215145,"caution_option","S002",2005,"pre_option",0.8,0.8,0,0.00454426609988251,-0.00454426609988251
0.9,0.610586333333333,0.552656,0,0.668516666666667,0.992935,0.007065,0,0.484296282906544,0.12631407464217,0.42009004541211,9,59,3.7454864251809,67.5764469382322,"caution_option","S002",2005,"pre_option",0.8,0.8,0,0.102921151226756,-0.102921151226756
0.366666666666667,0.608623,0.640563,0,0.576683,0.333366,0,0.666634,0.461666396227516,0.296100497565436,0.457911880576901,3,59,3.73808260785033,148.543855663932,"caution_option","S002",2005,"pre_option",0.8,0.8,0,0.116644048464847,-0.116644048464847
0.9,0.669713,0.603289666666667,0,0.736136,0.985887666666667,0.0141123333333333,0,0.58247343016502,0.508574876323403,0.425513714642853,8,60,3.9201342010498,100.379535031111,"caution_option","S002",2005,"pre_option",0.8,0.8,0,0.0433859479769048,-0.0433859479769048
0.9,0.551156,0.488949,5.33333333333333e-06,0.613363,0.882358333333333,0.117636333333333,0,0.400735785732278,0.515850530022473,0.221261849558586,6,58,4.18252247073579,42.1519484803261,"caution_option","S002",2005,"pre_option",0.8,0.8,0,0.153592731343371,-0.153592731343371
0.9,0.561144666666667,0.555349333333333,0,0.566939666666667,1,0,0,0.503917243746541,0.245575227493797,0.455200001148914,9,58,3.75463037458734,115.335357154485,"caution_option","S002",2005,"pre_option",0.8,0.8,0,0.0910228844285659,-0.0910228844285659
0.9,0.481350666666667,0.433400333333333,0,0.529301333333333,0.966477666666667,0.0335223333333333,0,0.528260757958737,0.21206952292444,0.290795942762505,5,61,4.05793977395082,47.7982966596108,"caution_option","S002",2005,"pre_option",0.8,0.8,0,0.0762608333106706,-0.0762608333106706
0.9,0.531248,0.533264666666667,0,0.529231333333333,0.999677,0.000323,0,0.506666373653238,0.243657429333902,0.499987714744772,8,55,3.56454673082726,90.5347530742716,"caution_option","S002",2005,"pre_option",0.8,0.8,0,0.0893557957798746,-0.0893557957798746
0.8,0.620750666666667,0.636491666666667,0,0.605009666666667,0.583765,0.416235,0,0.502581347860654,0.190063854556814,0.520211097300961,5,33,3.9512179790099,282.381733405904,"caution_option","S002",2005,"pre_option",0.8,0.8,0,0.0918329796015036,-0.0918329796015036
0.8,0.659081666666667,0.603979333333333,0,0.714184333333333,0.711806,0.288194,0,0.411273841730057,0.398623308520873,0.463623764915291,11,59,3.90163456651031,142.313723925992,"caution_option","S002",2005,"pre_option",0.8,0.8,0,0.14720239180708,-0.14720239180708
0.9,0.559876,0.483625666666667,0,0.636126666666667,0.934301666666667,0.0656983333333333,0,0.509243060835779,0.272900280160092,0.308751258522573,11,60,3.780394660102,158.197259448863,"caution_option","S002",2005,"pre_option",0.8,0.8,0,0.087793277419874,-0.087793277419874
0.9,0.637981666666667,0.589194666666667,0,0.686769,0.841380333333333,0.158619666666667,0,0.524111224551264,0.172626296017912,0.309186308458168,2,62,3.92832688239722,639.162146876675,"caution_option","S002",2005,"pre_option",0.8,0.8,0,0.0787771349318163,-0.0787771349318163
0.633333333333333,0.562317,0.553105333333333,0,0.571529,0.666691666666667,3.33333333333333e-07,0.333308,0.559459317952589,0.35464474686874,0.423335328759994,7,61,3.88664228488237,128.092485062899,"caution_option","S002",2005,"pre_option",0.8,0.8,0,0.0573418418528465,-0.0573418418528465
0.9,0.673066,0.609256666666667,0,0.736875333333333,0.998405,0.001595,0,0.403339221403219,0.315907644040719,0.344862097505237,6,60,3.87759274750753,176.74530315382,"engage_option","S002",2005,"pre_option",0.8,0.8,1,0.152013992541669,0.847986007458331
0.8,0.670862,0.610899333333333,0,0.730824666666667,0.806767,0.193233,0,0.424447675005476,0.5767944232938,0.507529080277812,10,60,3.85410370764794,332.693810692505,"caution_option","S002",2005,"pre_option",0.8,0.8,0,0.139213701327341,-0.139213701327341
0.8,0.774751,0.779970333333333,0,0.769531666666667,0.606067666666667,0.393621666666667,0.000310666666666667,0.470701557972785,0.303550536851251,0.402731144347884,9,61,3.87068966724833,78.7208166331728,"caution_option","S002",2007,"pre_option",0.866666666666667,0.7,0,0.0284728534116125,-0.0284728534116125
0.7,0.626354666666667,0.608320333333333,0,0.644388333333333,0.655661333333333,0.344302333333333,3.63333333333333e-05,0.470719366925503,0.152193342270247,0.403539340410763,11,59,3.7447801694226,180.594596972143,"caution_option","S002",2007,"pre_option",0.866666666666667,0.7,0,0.0284620539572654,-0.0284620539572654
0.6,0.752276666666667,0.709929666666667,0,0.794624,0.223163666666667,0.776833666666667,2.66666666666667e-06,0.284360638535537,0.29621808637982,0.357211566890321,10,57,3.86095521687695,122.819158513918,"caution_option","S002",2007,"pre_option",0.866666666666667,0.7,0,0.141471089989555,-0.141471089989555
0.7,0.730663666666667,0.765553666666667,0,0.695774,0.445199333333333,0.5548,6.66666666666667e-07,0.261466926688395,0.0969442474187423,0.297243511166553,10,61,4.00115981707744,131.040621844044,"caution_option","S002",2007,"pre_option",0.866666666666667,0.7,0,0.155353972371284,-0.155353972371284
0.7,0.696366,0.668502333333333,0,0.72423,0.474363,0.525637,0,0.33154668442129,0.229269506041043,0.513974816803306,5,63,3.89107782555244,196.517363784544,"caution_option","S002",2007,"pre_option",0.866666666666667,0.7,0,0.11285719245015,-0.11285719245015
0.8,0.72058,0.656972,0,0.784188333333333,0.615765666666667,0.384234333333333,0,0.413119230011374,0.235785152814395,0.293345470366268,4,59,3.76384660064197,127.60845779062,"caution_option","S002",2007,"pre_option",0.866666666666667,0.7,0,0.0633911179417142,-0.0633911179417142
0.7,0.828674333333333,0.826726666666667,0,0.830622333333333,0.220199,0.779801,0,0.496133733238513,0.174638103496231,0.311036405794505,10,60,3.64754899755701,60.8283359026948,"caution_option","S002",2007,"pre_option",0.866666666666667,0.7,0,0.0130506317866073,-0.0130506317866073
0.9,0.529314333333333,0.566527333333333,0,0.492102,0.943580333333333,0.056393,2.7e-05,0.333138471709722,0.0992852128212749,0.531021852624088,12,58,3.59468775869205,109.476961317967,"caution_option","S002",2007,"pre_option",0.866666666666667,0.7,0,0.111891923215978,-0.111891923215978
0.9,0.626152333333333,0.624206333333333,0,0.628098333333333,0.826973666666667,0.172982,4.4e-05,0.444070100419451,0.382880650439297,0.473085051017907,13,62,3.80250984216746,135.758724740217,"caution_option","S002",2007,"pre_option",0.866666666666667,0.7,0,0.044622326914884,-0.044622326914884
0.9,0.808087,0.799180333333333,0,0.816994,0.982241666666667,0.017758,0,0.398910296673954,0.365591545591176,0.401163204073109,10,61,4.07854054441789,131.747870838781,"caution_option","S002",2007,"pre_option",0.866666666666667,0.7,0,0.0720074992262481,-0.0720074992262481
0.9,0.707275,0.619952333333333,0,0.794597666666667,0.998542666666667,0.00145733333333333,0,0.836312422463373,0.100849660820512,0.711367668750928,11,55,2.98492171676071,210.152268762278,"caution_option","S002",2008,"pre_option",0.733333333333333,0.666666666666667,0,0.0157209581984013,-0.0157209581984013
0.9,0.694590333333333,0.653046333333333,0,0.736133666666667,0.999441666666667,0.000558333333333333,0,0.824678085284858,0.309697987409231,0.857893150773495,11,50,2.93212542154385,177.040414272246,"caution_option","S002",2008,"pre_option",0.733333333333333,0.666666666666667,0,0.0227760891320455,-0.0227760891320455
0.9,0.790409,0.775989666666667,3.33333333333333e-07,0.804828,0.933059333333333,0.06694,0,0.853942677892447,0.138509661660853,0.689082936545971,12,55,3.08031750722214,147.003638430917,"caution_option","S002",2008,"pre_option",0.733333333333333,0.666666666666667,0,0.00502986694522679,-0.00502986694522679
0.366666666666667,0.683464,0.727085666666667,0,0.639841666666667,0.330295,9.93333333333333e-05,0.669605333333333,0.848035911281755,0.32912771355241,0.76997356719738,12,55,3.03352377003637,102.385669447313,"caution_option","S002",2008,"pre_option",0.733333333333333,0.666666666666667,0,0.00861176518261598,-0.00861176518261598
0.9,0.804929,0.741859,0,0.867998666666667,0.982122666666667,0.0178773333333333,0,0.713492429217601,0.372263869390787,0.798428748383647,2,58,3.06367244587078,266.162074683829,"caution_option","S002",2008,"pre_option",0.733333333333333,0.666666666666667,0,0.0901997291264408,-0.0901997291264408
0.8,0.848310666666667,0.781547,0,0.915074666666667,0.609666666666667,0.390333333333333,0,0.793729961826892,0.244799468401256,0.794828495165364,13,56,3.25647203850024,122.471325297478,"caution_option","S002",2008,"pre_option",0.733333333333333,0.666666666666667,0,0.0415432143920682,-0.0415432143920682
0.9,0.675996333333333,0.681355,0,0.670638666666667,0.997602,0.002398,0,0.828048377968516,0.173958688118792,0.801439519236234,4,56,2.8430878096558,49.4036783043118,"caution_option","S002",2008,"pre_option",0.733333333333333,0.666666666666667,0,0.0207323236984787,-0.0207323236984787
0.8,0.678270666666667,0.580266333333333,0,0.776275,0.678032,0.321968,0,0.821906350243176,0.323915062759634,0.612231001760529,9,54,2.74772859770676,82.8998380198711,"caution_option","S002",2008,"pre_option",0.733333333333333,0.666666666666667,0,0.0244568856684004,-0.0244568856684004
0.9,0.711421333333333,0.697639,0,0.725203,0.998264666666667,0.001734,1.66666666666667e-06,0.857292212102556,0.139265117404318,0.664349332057883,11,55,3.09143116564899,119.164252840217,"caution_option","S002",2008,"pre_option",0.733333333333333,0.666666666666667,0,0.00299868957289862,-0.00299868957289862
0.9,0.591872333333333,0.546782666666667,0.0113093333333333,0.636962,0.891799666666667,0.0968906666666667,0,0.770122178303664,0.1108551100828,0.428724877735055,9,56,2.83426016837255,56.9471046498364,"caution_option","S002",2008,"pre_option",0.733333333333333,0.666666666666667,0,0.0558591140650699,-0.0558591140650699
0.8,0.739696666666667,0.647856,0,0.831537333333333,0.705829,0.294171,0,0.864800892964733,0.489249583781382,0.565725914356244,6,55,2.66590616212669,50.4395151769823,"caution_option","S002",2008,"pre_option",0.733333333333333,0.666666666666667,0,-0.00155461894900243,0.00155461894900243
0.9,0.754866666666667,0.729731,0,0.780002333333333,0.821827333333333,0.110572666666667,0.0675996666666667,0.783453608518434,0.162406051586432,0.757459671815423,9,46,3.07971453167903,111.414283330783,"caution_option","S002",2008,"pre_option",0.733333333333333,0.666666666666667,0,0.0477748558684254,-0.0477748558684254
0.9,0.800502333333333,0.747069333333333,0,0.853935333333333,0.887461,0.112538666666667,0,0.450017815733206,0.423086672233752,0.583704776578884,8,52,3.19925989611395,63.2684894863183,"caution_option","S002",2008,"pre_option",0.733333333333333,0.666666666666667,0,0.24997229436173,-0.24997229436173
0.9,0.80702,0.777411333333333,0,0.836627666666667,0.982089333333333,0.017881,3e-05,0.778429396981598,0.270107223935547,0.721213845032749,6,54,3.06687185499403,121.587677599981,"caution_option","S002",2008,"pre_option",0.733333333333333,0.666666666666667,0,0.0508215674848084,-0.0508215674848084
0.9,0.848881333333333,0.793402666666667,0,0.90436,0.978719666666667,0.0212786666666667,1.66666666666667e-06,0.856723261040466,0.213651633755678,0.520268760754272,11,57,3.02269500010722,96.9350938531856,"caution_option","S002",2008,"pre_option",0.733333333333333,0.666666666666667,0,0.00334370486481373,-0.00334370486481373
0.9,0.741431333333333,0.664248,0,0.818614333333333,0.996568666666667,0.00343133333333333,0,0.729608932292207,0.274559893283654,0.540427791191866,10,56,2.87648657205943,101.912283832471,"caution_option","S002",2008,"pre_option",0.733333333333333,0.666666666666667,0,0.08042658626156,-0.08042658626156
0.9,0.645668666666667,0.619835,0,0.671502,0.999902,9.76666666666667e-05,3.33333333333333e-07,0.792730972792996,0.379131355282112,0.565791823172892,10,56,2.95001714212911,149.258467279923,"engage_option","S002",2008,"pre_option",0.733333333333333,0.666666666666667,1,0.0421490072556636,0.957850992744336
0.9,0.65022,0.544068333333333,6.66666666666667e-07,0.756372,0.855402666666667,0.144596666666667,0,0.74488551666765,0.144625548175341,0.601112929817773,9,55,3.05923500061035,65.5088950223848,"caution_option","S002",2008,"pre_option",0.733333333333333,0.666666666666667,0,0.071162775067688,-0.071162775067688
0.9,0.819811,0.771460333333333,0,0.868162,0.952427666666667,0.0475723333333333,0,0.784261896102154,0.330153224554917,0.606251009487782,7,55,3.0398682753245,232.368300003689,"caution_option","S002",2008,"pre_option",0.733333333333333,0.666666666666667,0,0.0472847054930594,-0.0472847054930594
0.9,0.812495,0.765701666666667,0,0.859288666666667,0.994201333333333,0.00579866666666667,0,0.788661253304593,0.342802714940455,0.58631684296475,4,55,3.10009100702074,50.3939038280394,"caution_option","S002",2008,"pre_option",0.733333333333333,0.666666666666667,0,0.0446169092438331,-0.0446169092438331
0.7,0.403749,0.379935666666667,4.46666666666667e-05,0.427562666666667,0.310209,0.686175666666667,0.00357066666666667,0.706297451689028,0.289895918358889,0.221592565546098,8,56,3.75472797163381,118.025618488259,"caution_option","S002",2009,"pre_option",0.816666666666667,0.633333333333333,0,0.209308019235552,-0.209308019235552
0.7,0.420606333333333,0.407769666666667,0.000144666666666667,0.433442,0.317176333333333,0.682473,0.000205666666666667,0.46641790192611,0.172170226915488,0.322949400645225,6,56,3.34561062499181,65.3774783361735,"caution_option","S002",2009,"pre_option",0.816666666666667,0.633333333333333,0,0.354772398160915,-0.354772398160915
0.533333333333333,0.606925333333333,0.583852666666667,0,0.629997666666667,0.359429333333333,0.317126666666667,0.323444,0.499385551906529,0.416155254946672,0.222518164678573,10,56,3.23885764429125,288.29151777747,"engage_option","S002",2009,"pre_option",0.816666666666667,0.633333333333333,1,0.33478062006324,0.66521937993676
0.7,0.472594333333333,0.440824333333333,0,0.504364,0.198534666666667,0.679516666666667,0.121948666666667,0.62789897491871,0.556893556548083,0.361153710108284,5,29,3.36258894560353,251.903782867515,"engage_option","S002",2009,"pre_option",0.816666666666667,0.633333333333333,1,0.256849319623017,0.743150680376983
0.7,0.497609666666667,0.462764,0,0.532455333333333,0.384431,0.611089,0.00448,0.60557178893236,0.393578383922226,0.332427165473782,7,62,3.91713384333873,47.7336247940293,"engage_option","S002",2009,"pre_option",0.816666666666667,0.633333333333333,1,0.270388657369255,0.729611342630745
0.9,0.40557,0.402500666666667,2e-05,0.408639333333333,0.803233333333333,0.196682333333333,6.4e-05,0.543059918049275,0.42209870511344,0.267149794209955,8,56,4.03859375307224,185.508420127358,"caution_option","S002",2009,"pre_option",0.816666666666667,0.633333333333333,0,0.308296225907122,-0.308296225907122
0.7,0.367924,0.331692333333333,3.66666666666667e-06,0.404155333333333,0.353895666666667,0.643925333333333,0.00217533333333333,0.343186088920937,0.272636845642304,0.430562880420243,3,57,3.79435074569395,187.522906573224,"caution_option","S002",2009,"pre_option",0.816666666666667,0.633333333333333,0,0.429500899028792,-0.429500899028792
0.7,0.482613666666667,0.434467666666667,0.000600333333333333,0.53076,0.396384333333333,0.602940666666667,7.46666666666667e-05,0.152789296246189,0.467458572804194,0.128558379601295,8,57,3.64901093348561,187.868499085998,"caution_option","S002",2009,"pre_option",0.816666666666667,0.633333333333333,0,0.544958641146394,-0.544958641146394
0.8,0.290576333333333,0.290797666666667,0.000559,0.290355,0.529711666666667,0.468310333333333,0.00141933333333333,0.542845939764842,0.53831022173224,0.373444882337641,6,57,3.86672871224832,75.6661678361287,"caution_option","S002",2009,"pre_option",0.816666666666667,0.633333333333333,0,0.30842598360543,-0.30842598360543
0.633333333333333,0.339085666666667,0.383757666666667,5.66666666666667e-06,0.294414666666667,0.534417333333333,0.189771,0.275806,0.424549073883561,0.324110490654735,0.369106543662426,9,57,3.78092966783767,61.0001039408221,"engage_option","S002",2009,"pre_option",0.816666666666667,0.633333333333333,1,0.380161903325326,0.619838096674674
0.8,0.370629666666667,0.379668,0.154268666666667,0.361591666666667,0.507110333333333,0.338621,0,0.661330466052486,0.40242141996892,0.38525078369706,13,60,4.35684549300397,159.137810795521,"caution_option","S002",2011,"pre_option",0.766666666666667,0.766666666666667,0,0.184438674615643,-0.184438674615643
0.8,0.387570666666667,0.408024666666667,0.000815666666666667,0.367116666666667,0.647544,0.351640333333333,0,0.416704742346972,0.358678329703557,0.424909954477711,9,59,4.37280917410123,115.126165748976,"caution_option","S002",2011,"pre_option",0.766666666666667,0.766666666666667,0,0.33278116151442,-0.33278116151442
0.633333333333333,0.435471,0.576201,0,0.294741333333333,0.633133,0.0335336666666667,0.333333333333333,0.474233743769475,0.423036422801673,0.422960868859391,7,59,4.36942867155998,135.053447813345,"caution_option","S002",2011,"pre_option",0.766666666666667,0.766666666666667,0,0.297895234513175,-0.297895234513175
0.9,0.388592333333333,0.49073,0.000675333333333333,0.286454333333333,0.931888,0.0674366666666667,0,0.481964612517425,0.495406207895466,0.48130287261349,7,56,4.52863594793504,58.9767809768009,"caution_option","S002",2011,"pre_option",0.766666666666667,0.766666666666667,0,0.293207189942116,-0.293207189942116
0.7,0.470418,0.528208666666667,0.000187666666666667,0.412627333333333,0.335452,0.66436,0,0.611421483916316,0.471653585518974,0.373274475253905,7,60,4.57144777933757,146.839665186793,"engage_option","S002",2011,"pre_option",0.766666666666667,0.766666666666667,1,0.21470377681552,0.78529622318448
0.9,0.318149,0.28461,0.00573766666666667,0.351688,0.925873333333333,0.068389,0,0.496094653894987,0.493200827107094,0.204315137850575,13,57,4.3629275072341,140.540507146836,"caution_option","S002",2011,"pre_option",0.766666666666667,0.766666666666667,0,0.284638649209035,-0.284638649209035
0.533333333333333,0.353670666666667,0.44393,0.00234866666666667,0.263411333333333,0.171772666666667,0.492326,0.333552666666667,0.569840262822976,0.217113494886243,0.580771920779864,9,62,4.55804915889617,204.509305120942,"caution_option","S002",2011,"pre_option",0.766666666666667,0.766666666666667,0,0.239918875423462,-0.239918875423462
0.8,0.295150666666667,0.356242,0.001126,0.234059,0.65566,0.343214,0,0.243063617209317,0.337265683016233,0.381372757526803,9,61,4.51669545327463,98.8203076447599,"caution_option","S002",2011,"pre_option",0.766666666666667,0.766666666666667,0,0.438078167653602,-0.438078167653602
0.9,0.433982,0.478364333333333,2.5e-05,0.389599333333333,0.898404333333333,0.101570666666667,0,0.554044413491974,0.568053914859461,0.540152939781168,9,62,4.54062699348696,117.887563507634,"engage_option","S002",2011,"pre_option",0.766666666666667,0.766666666666667,1,0.249497571960136,0.750502428039864
0.633333333333333,0.521302666666667,0.533013666666667,3.33333333333333e-07,0.509591666666667,0.629148333333333,0.0369596666666667,0.333891666666667,0.502071320376487,0.227128064301843,0.429940599131722,12,62,4.53735692554731,125.285379120472,"engage_option","S002",2011,"pre_option",0.766666666666667,0.766666666666667,1,0.281014363276221,0.718985636723779
0.433333333333333,0.320585333333333,0.355786666666667,0.000212,0.285384,0.049276,0.619111,0.331401,0.462374213375464,0.134704161578196,0.587845973055748,11,60,4.44348755373449,156.219481308308,"caution_option","S002",2011,"pre_option",0.766666666666667,0.766666666666667,0,0.30508692394571,-0.30508692394571
0.9,0.356471333333333,0.326561,0.000246666666666667,0.386381333333333,0.709352333333333,0.290401,0,0.115548298560167,0.558014050330567,0.399794762506888,8,62,4.32288461500598,78.2018562465587,"engage_option","S002",2011,"pre_option",0.766666666666667,0.766666666666667,1,0.515404211699879,0.484595788300121
0.8,0.583042,0.530785666666667,0.000366,0.635298,0.653110333333333,0.346519,4.33333333333333e-06,0.747948688654782,0.421435266470142,0.772878352264644,5,58,3.92949185513034,187.610406743831,"caution_option","S002",2012,"pre_option",0.7,0.733333333333333,0,0.055174322709452,-0.055174322709452
0.633333333333333,0.682646333333333,0.671823666666667,0,0.693468666666667,0.692786666666667,0.000567,0.306646333333333,0.716014391505929,0.408072795345242,0.772436765920839,6,57,3.80266019613436,203.169721277295,"caution_option","S002",2012,"pre_option",0.7,0.733333333333333,0,0.0745394695332102,-0.0745394695332102
0.9,0.549844666666667,0.513738,0.000381333333333333,0.585950666666667,0.799508666666667,0.095701,0.104409,0.727686591574537,0.575645550057509,0.746710825654132,6,53,3.95734363278716,64.1695677930813,"caution_option","S002",2012,"pre_option",0.7,0.733333333333333,0,0.0674613783188869,-0.0674613783188869
0.9,0.665441666666667,0.670516,3.33333333333333e-07,0.660367666666667,0.99969,0.000306333333333333,3.33333333333333e-06,0.762904017714693,0.311435189139276,0.800037760943444,5,56,4.02641084878752,41.3973122306346,"caution_option","S002",2012,"pre_option",0.7,0.733333333333333,0,0.0461053226405651,-0.0461053226405651
0.633333333333333,0.57555,0.631935666666667,0,0.519163666666667,0.519577,0.008417,0.472006,0.744126435037752,0.341477063733979,0.71333011652865,4,57,3.96633712214605,54.5909948667002,"caution_option","S002",2012,"pre_option",0.7,0.733333333333333,0,0.0574921599283642,-0.0574921599283642
0.9,0.308915,0.305486,0,0.312343,0.999997,3e-06,0,0.702441006662822,0.607024553579766,0.385465812846655,8,45,3.61112577105881,301.854865959854,"caution_option","S002",2012,"pre_option",0.7,0.733333333333333,0,0.0827704504487109,-0.0827704504487109
0.633333333333333,0.581914666666667,0.569357666666667,0,0.594471333333333,0.623558666666667,0.032074,0.344367,0.713390837859244,0.539098532785959,0.581901670715193,6,60,3.88770525841036,145.836556806214,"caution_option","S002",2012,"pre_option",0.7,0.733333333333333,0,0.0761304079944901,-0.0761304079944901
0.9,0.707899666666667,0.734095,0,0.681704333333333,0.835902,0.133226,0.0308723333333333,0.601164914163566,0.622692409935282,0.638519296900523,2,59,3.89377165942302,134.168737044067,"caution_option","S002",2012,"pre_option",0.7,0.733333333333333,0,0.144184872436547,-0.144184872436547
0.633333333333333,0.72783,0.764816666666667,0,0.690843,0.670170666666667,0.00564733333333333,0.324182,0.706576661531277,0.569084804478564,0.615005271700436,4,58,3.94285168034015,113.443197600998,"caution_option","S002",2012,"pre_option",0.7,0.733333333333333,0,0.0802625648557787,-0.0802625648557787
0.7,0.685453,0.708550666666667,2.16666666666667e-05,0.662356,0.526072666666667,0.473891666666667,1.4e-05,0.685546877957372,0.593865753442078,0.718096569971513,9,59,3.96530171510803,75.6540570858635,"caution_option","S002",2012,"pre_option",0.7,0.733333333333333,0,0.0930151500992322,-0.0930151500992322
0.9,0.624350333333333,0.608746666666667,0,0.639953333333333,0.929540666666667,0.070458,1.33333333333333e-06,0.65849708305428,0.347438323181668,0.771118004763519,10,57,3.83675470131852,123.637457125611,"caution_option","S002",2012,"pre_option",0.7,0.733333333333333,0,0.109418305847714,-0.109418305847714
0.9,0.524848666666667,0.484086333333333,2e-06,0.565610666666667,0.995788333333333,0.00420966666666667,0,0.670386094130747,0.465848622497976,0.738020065228194,5,56,3.91785511482667,182.508444566901,"engage_option","S002",2012,"pre_option",0.7,0.733333333333333,1,0.102208739154828,0.897791260845172
0.6,0.704146333333333,0.670739,0.00276433333333333,0.737553333333333,0.164487,0.832748666666667,0,0.477333045196699,0.878660693625554,0.674986874792,9,61,4.95215039439016,111.352831168251,"caution_option","S002",2013,"pre_option",0.783333333333333,0.733333333333333,0,0.116559865909157,-0.116559865909157
0.6,0.489152333333333,0.438065666666667,0.008349,0.540238333333333,0.126949,0.864702,0,0.280995258444587,0.661182540257046,0.479719132370761,6,56,4.53938965570359,209.206737025229,"caution_option","S002",2013,"pre_option",0.783333333333333,0.733333333333333,0,0.235620262002544,-0.235620262002544
0.8,0.561364,0.555536666666667,6.33333333333333e-06,0.567191,0.589712666666667,0.404318666666667,0.00596266666666667,0.555477221868626,0.774903756566035,0.727296040739876,8,64,4.9607904855307,64.2155303449549,"caution_option","S002",2013,"pre_option",0.783333333333333,0.733333333333333,0,0.0691727746066658,-0.0691727746066658
0.8,0.683446666666667,0.654814333333333,0.111215333333333,0.712079,0.489900333333333,0.398879666666667,5e-06,0.605717304138844,0.816841627789139,0.656156704931539,4,60,4.68656517623307,215.173620009701,"caution_option","S002",2013,"pre_option",0.783333333333333,0.733333333333333,0,0.0387068913255806,-0.0387068913255806
0.8,0.665735333333333,0.619454,0.032063,0.712016333333333,0.60863,0.359307,0,0.875962493279343,0.313942760697217,0.783344593584942,9,58,3.41631467718827,298.496820670627,"caution_option","S002",2014,"pre_option",0.616666666666667,0.533333333333333,0,0.280608139616637,-0.280608139616637
0.7,0.657660666666667,0.605207333333333,0.008454,0.710114666666667,0.36321,0.628336,0,0.937077115869457,0.140035851904431,0.614445260387821,8,46,3.7345545342628,266.148126847303,"caution_option","S002",2014,"pre_option",0.616666666666667,0.533333333333333,0,0.243547870714535,-0.243547870714535
0.9,0.686843666666667,0.630577,0.000104333333333333,0.743111,0.975281,0.024615,0,0.840206486052376,0.253799220981735,0.711666974589744,11,59,3.57014287145514,96.3751325324719,"caution_option","S002",2014,"pre_option",0.616666666666667,0.533333333333333,0,0.302290794054092,-0.302290794054092
0.75,0.8209315,0.7734085,0.0293965,0.8684545,0.514463,0.4561405,0,0.676809065913477,0.299027898032783,0.570657587029414,13,61,3.32685616703357,206.327695585118,"engage_option","S002",2014,"pre_option",0.616666666666667,0.533333333333333,1,0.40137595684518,0.59862404315482
0.8,0.818792,0.822131333333333,0.125974,0.815452333333333,0.517598333333333,0.356427333333333,0,0.896478208280837,0.179418582824138,0.777382297427971,9,61,3.51503778758802,130.749329011969,"caution_option","S002",2014,"pre_option",0.616666666666667,0.533333333333333,0,0.268167288598484,-0.268167288598484
0.8,0.569386666666667,0.556974333333333,4.66666666666667e-06,0.581798666666667,0.655322,0.344673,0,0.851986199401144,0.310732285047038,0.735278131545545,10,57,3.42181248413889,117.887961157488,"caution_option","S002",2014,"pre_option",0.616666666666667,0.533333333333333,0,0.295147506150263,-0.295147506150263
0.4,0.802739,0.803545333333333,0.676454666666667,0.801933,0.00922366666666667,0.314321666666667,0,0.909007476684958,0.110797129056694,0.770408002264996,11,58,3.38730953707553,82.7100352438094,"caution_option","S002",2014,"pre_option",0.616666666666667,0.533333333333333,0,0.260569466072154,-0.260569466072154
0.7,0.547428,0.571680333333333,0.132893,0.523176333333333,0.382972666666667,0.484119,1.53333333333333e-05,0.611536042899823,0.23981196562956,0.422623276658262,9,59,3.65285944149194,137.88785884746,"engage_option","S002",2015,"pre_option",0.616666666666667,0.666666666666667,1,0.440957904379458,0.559042095620542
0.7,0.561328333333333,0.533856,0.400545333333333,0.588801,0.539121333333333,0.0603333333333333,0,0.282377915899505,0.501138015769146,0.453490740624927,10,55,3.82210879294288,175.239228793819,"engage_option","S002",2015,"pre_option",0.616666666666667,0.666666666666667,1,0.64056134101947,0.35943865898053
0.7,0.816583,0.812771666666667,0.438708333333333,0.820394333333333,0.384920666666667,0.176088,0.000283333333333333,0.171535712927633,0.500194278883217,0.378997273909581,5,58,4.05093704627839,108.976390021401,"engage_option","S002",2015,"pre_option",0.616666666666667,0.666666666666667,1,0.707776709023779,0.292223290976221
0.7,0.488145666666667,0.454993,0.10502,0.521298333333333,0.397660666666667,0.496052333333333,0.00126666666666667,0.592764223535653,0.547077425045301,0.421221120149654,8,59,3.68787899396277,91.4342791803531,"engage_option","S002",2015,"pre_option",0.616666666666667,0.666666666666667,1,0.452341246760277,0.547658753239723
0.7,0.572368,0.591486666666667,0.236318666666667,0.553249333333333,0.653209333333333,0.110470333333333,1.33333333333333e-06,0.37756004496204,0.136079298594189,0.160830710853622,9,61,3.53290831607046,123.324988737179,"engage_option","S002",2015,"pre_option",0.616666666666667,0.666666666666667,1,0.582842334532425,0.417157665467575
0.9,0.622492666666667,0.571416333333333,0.165632,0.673569333333333,0.735207333333333,0.0991583333333333,2e-06,0.148012955299518,0.488996611009284,0.547726329053549,6,21,3.70122705656907,149.509778381622,"engage_option","S002",2015,"pre_option",0.616666666666667,0.666666666666667,1,0.72204104849068,0.27795895150932
0.9,0.468711,0.436709333333333,0.103805666666667,0.500713,0.869085,0.0270993333333333,1e-05,0.228925161827259,0.424750782933925,0.364284505292017,11,59,4.39409770463642,193.261148157945,"caution_option","S002",2017,"pre_option",0.866666666666667,0.566666666666667,0,0.17508749121163,-0.17508749121163
0.6,0.658200666666667,0.568132,0.0107793333333333,0.748269333333333,0.345675,0.639675,0.00387066666666667,0.368043345530151,0.283804805555293,0.523700830225717,9,58,4.55695511720362,70.7777719480906,"caution_option","S002",2017,"pre_option",0.866666666666667,0.566666666666667,0,0.0907254011144691,-0.0907254011144691
0.9,0.445049,0.374373333333333,0.004677,0.515725,0.871856666666667,0.121258,0.00220866666666667,0.500097589937837,0.29963022897774,0.315604348695553,10,55,4.3791568365821,76.8700230572095,"caution_option","S002",2017,"pre_option",0.866666666666667,0.566666666666667,0,0.0106469256203827,-0.0106469256203827
0.8,0.674929,0.668851,0.00173466666666667,0.681007333333333,0.549588666666667,0.444912333333333,0.00376466666666667,0.466696764621591,0.155408850783884,0.194691640955593,8,56,4.51858651441316,33.5441956000137,"caution_option","S002",2017,"pre_option",0.866666666666667,0.566666666666667,0,0.0309013838058524,-0.0309013838058524
0.8,0.334908,0.266567333333333,0.00242466666666667,0.403248666666667,0.583708,0.393577333333333,0.0202903333333333,0.359477649790509,0.116301913750444,0.634406338523855,4,58,4.5361600424114,44.7405861276807,"caution_option","S002",2017,"pre_option",0.866666666666667,0.566666666666667,0,0.0959196897149857,-0.0959196897149857
0.9,0.784723,0.735622,4.73333333333333e-05,0.833823666666667,0.987736666666667,0.0121963333333333,1.96666666666667e-05,0.251407193365796,0.26333487127824,0.117807294830933,12,59,4.53667828894609,124.159012308555,"caution_option","S002",2017,"pre_option",0.866666666666667,0.566666666666667,0,0.16145425420595,-0.16145425420595
0.9,0.554438333333333,0.480151333333333,0.022437,0.628726,0.941987,0.03549,8.6e-05,0.308520468937494,0.172446807969897,0.413064422960652,6,57,4.55686955702932,118.282739107971,"caution_option","S002",2017,"pre_option",0.866666666666667,0.566666666666667,0,0.126820425821491,-0.126820425821491
0.8,0.666498666666667,0.606508,0.006195,0.726488666666667,0.692985,0.277800333333333,0.02302,0.144619395326928,0.196520998832727,0.287311336115021,8,58,4.47047730496055,88.9206628119075,"caution_option","S002",2017,"pre_option",0.866666666666667,0.566666666666667,0,0.226211007059137,-0.226211007059137
0.6,0.739995333333333,0.723074333333333,7.4e-05,0.756916333333333,0.201698333333333,0.789145666666667,0.009082,0.444435410056765,0.351358994199938,0.226279925124237,14,58,4.38506952084993,58.8592325260413,"caution_option","S002",2017,"pre_option",0.866666666666667,0.566666666666667,0,0.0444008009883936,-0.0444008009883936
0.7,0.546463333333333,0.568603,0.0283093333333333,0.524323666666667,0.470513666666667,0.490537666666667,0.0106393333333333,0.272058319197262,0.428063047913745,0.434983860446227,11,60,4.53937939593667,75.636101601946,"engage_option","S002",2017,"pre_option",0.866666666666667,0.566666666666667,1,0.148931289258948,0.851068710741052
0.9,0.658717333333333,0.599104333333333,1.4e-05,0.718330666666667,0.842438666666667,0.157178,0.000369,0.231423311692385,0.548442587853447,0.491308801491575,4,63,3.13493359473444,60.2361692338292,"caution_option","S002",2018,"pre_option",0.9,0.633333333333333,0,0.367214017456589,-0.367214017456589
0.7,0.703953666666667,0.706048666666667,9.33333333333333e-05,0.701858666666667,0.304308,0.658355,0.0372436666666667,0.339149155078568,0.179215378956049,0.389807447951783,8,59,3.02904443255926,76.7460871434933,"caution_option","S002",2018,"pre_option",0.9,0.633333333333333,0,0.3018884283521,-0.3018884283521
0.433333333333333,0.49557,0.560044666666667,0.32657,0.431094666666667,0.297071333333333,0.0423983333333333,0.33396,0.347620103446885,0.403762511099474,0.619663001630114,5,62,2.99459346648185,45.7235131491153,"engage_option","S002",2018,"pre_option",0.9,0.633333333333333,1,0.296751595118405,0.703248404881595
0.633333333333333,0.635432333333333,0.681715333333333,0.00143666666666667,0.589149333333333,0.533776333333333,0.0864446666666667,0.378342,0.275607439611307,0.435570926254164,0.42791145934939,8,60,3.75255732382497,253.079189177763,"engage_option","S002",2018,"pre_option",0.9,0.633333333333333,1,0.340420500741899,0.659579499258101
0.9,0.725562666666667,0.725334666666667,9.6e-05,0.725790333333333,0.944954666666667,0.0531203333333333,0.001829,0.470893598231722,0.40665110190636,0.171435724857629,13,62,3.19909299991522,62.752720720208,"caution_option","S002",2018,"pre_option",0.9,0.633333333333333,0,0.221997818172608,-0.221997818172608
0.8,0.606409333333333,0.551441666666667,1.66666666666667e-06,0.661377,0.539286333333333,0.460434666666667,0.000277,0.553710908449436,0.207589173854498,0.503261872318075,8,58,3.7757118497576,110.129894930119,"caution_option","S002",2018,"pre_option",0.9,0.633333333333333,0,0.171776911025686,-0.171776911025686
0.8,0.487198,0.459784333333333,0,0.514611333333333,0.753068333333333,0.246931666666667,0,0.234535125302745,0.336967520076506,0.168190480391018,9,59,4.41126782508573,219.777578040106,"caution_option","S002",2020,"pre_option",0.583333333333333,0.766666666666667,0,0.425916927485841,-0.425916927485841
0.9,0.440977333333333,0.393544333333333,0,0.488409666666667,0.869431333333333,0.130568666666667,0,0.233207509317376,0.211277374483458,0.194756202866975,11,60,4.54224032084147,92.6204406681861,"engage_option","S002",2020,"pre_option",0.583333333333333,0.766666666666667,1,0.426722001678093,0.573277998321907
0.8,0.601635,0.621560333333333,0,0.581709333333333,0.562725333333333,0.437275,0,0.111410771358158,0.16793138348443,0.450518973760742,9,57,4.53134503235688,118.853476103661,"engage_option","S002",2020,"pre_option",0.583333333333333,0.766666666666667,1,0.500580264543282,0.499419735456718
0.9,0.537538,0.474194666666667,0,0.600880666666667,0.938625,0.061375,0,0.0805232950055766,0.473619957493711,0.160366689096738,10,61,4.63527353170217,160.372321833385,"engage_option","S002",2020,"pre_option",0.583333333333333,0.766666666666667,1,0.519310613039604,0.480689386960396
0.8,0.637709333333333,0.588137,0,0.687281,0.614571,0.385429,0,0.329320439845114,0.0971593940243414,0.235429362559291,12,61,4.60488724247102,196.634040011046,"caution_option","S002",2020,"pre_option",0.583333333333333,0.766666666666667,0,0.368438551672738,-0.368438551672738
0.9,0.575346,0.608420333333333,0,0.542271666666667,0.975516,0.024484,0,0.153223064989985,0.264388472572116,0.191411745370306,14,60,4.56358339847663,44.9687445993515,"caution_option","S002",2020,"pre_option",0.583333333333333,0.766666666666667,0,0.475225042180184,-0.475225042180184
